total nodes,number tweets,number retweet,number replies,depth,freq,vrf,leader ,normal,total sentiment,co,centralty,diam,ecc,num sh path,num clique,num idp,max out,empty,engage max,num normal max,num leader max,lc,t freq,r freq,tpfr,t max,snt first,snt deep,snt ratio,score comm,local,snt sh path,wight clique,snt idp
3,3,0,0,1,8762.23,0,0,0,0,0,0,0,0,0,0,0,1,0,0,0,0,0,0,0,0,0,0,0,0,0,0,0,0,0
240,126,65,49,5,296.36,65,30,35,5.2731,0.82,0,4,3.163265306,4,20,3,17,102,17,5,8,70535.20778,295.1338532,221.9824816,127.981592,34797.84417,0.089745833,1.1665,0.367346939,14.5532,8,0.1576,2.79155798,0.39
2505,849,1164,492,5,37.49,1164,380,784,25.7166,0.87,0.48,4,2.869918699,4,73,3,210,717,328,117,49,93911.8025,37.47463975,30.44647989,7.856023707,90710.04806,0.128841667,-1.4921,0.272357724,106.0571,71,0.1091,13.05474076,0.3449
7,7,0,0,1,970.43,0,0,0,0,0,0,0,0,0,0,0,7,0,0,0,0,849.1270139,0,0,0,0,0,0,0,0,0,0,0,0
307,100,132,75,5,232.54,132,58,74,6.4318,0.86,0.56,4,2.946666667,4,20,3,121,74,122,54,41,71181.34694,231.7584668,114.7351199,2.284010152,67279.49056,0.299726923,-0.4229,0.28,15.7797,9,0.3973,3.124138737,-0.0911
67,23,38,6,4,1212.37,38,8,30,-0.5805,0,0,0,0,3,3,33,19,33,26,7,79876.66806,1194.541181,505.06096,8.716571637,79735.18167,-0.0626,-0.8405,0.5,0,0,0,-0.2879,-0.1325,0.0287
144,123,7,14,3,71.51,7,2,5,0.4079,0.96,0.78,0,0,3,3,10,118,10,2,0,10293.10417,70.98554215,70.93264176,0.331311728,7.636111111,-0.08672,0.8415,0.214285714,0,0,0,0.79493125,0.3309,-0.4115
4646,2754,1437,455,8,5.94,1437,549,888,51.2042,0.88,0.27,4,2.841758242,4,62,3,130,2288,165,64,38,27581.44722,5.928798508,5.93510939,15.2045643,25299.48083,0.056318884,0.2734,0.208791209,95.3501,52,0.0566,20.75559796,0.3994
2,2,0,0,1,7580.45,0,0,0,0,0,0,0,0,0,0,0,2,0,0,0,0,5053.634907,0,0,0,0,0,0,0,0,0,0,0,0
2633,1380,857,396,8,10.52,857,330,527,41.0488,0.88,0.27,4,2.878787879,4,56,3,130,1082,165,64,38,27697.11444,10.50371826,10.50585717,12.17938523,25415.14806,0.067453356,0.2734,0.227272727,87.6765,50,0.2526,19.08096232,0.5042
8,8,0,0,1,1.18,0,0,0,0,0,0,0,0,0,0,0,8,0,0,0,0,1.047407407,0,0,0,0,0,0,0,0,0,0,0,0
77,55,18,4,3,1042.91,18,5,13,-2.2879,0,0,0,0,2,2,11,47,12,7,3,80304.00778,1029.529124,724.3327386,44.06993386,40875.96389,-0.1903625,-1.5449,0.75,0,0,0,-1.715925,-0.743,-0.7799
2931,1620,1061,250,5,31.25,1061,365,696,59.9613,0.89,0.52,4,2.772,4,32,3,105,1390,106,48,50,91584.56278,31.22790407,19.77135308,76.27898103,79476.57361,0.194125217,1.3087,0.104,65.1701,12,0.3129,26.15865276,0.5756
47,21,18,8,2,1643.18,18,12,6,0.7924,0,0,0,0,2,2,12,13,12,5,0,77229.26917,1608.94287,890.9908912,8.038247863,34461.70222,0.09905,0.7924,0.25,0,0,0,-0.02645,0.6166,0.6166
23,15,8,0,2,739,8,3,5,0,0,0,0,0,0,0,6,12,6,4,2,15.365,708.2064352,0.350185185,0.612847222,13.07972222,0,0,0,0,0,0,0,0,0
268,218,45,5,2,111.28,45,27,18,0.6228,0,0,0,0,3,2,41,212,41,17,19,29822.93333,1.154206939,110.8658478,600.9703778,0,0.1038,0.6228,0.2,0,0,0,0.792814286,-0.2739,-0.5006
855,238,505,112,5,98.38,505,176,329,12.1477,0.87,0,4,3.089285714,4,19,4,74,180,309,176,92,83149.12667,98.26633599,27.63349786,3.142222704,80342.12889,0.018118966,-0.4955,0.294642857,34.9966,13,0.1205,7.018193313,0.4454
3830,1789,1407,634,5,23.49,1407,643,764,23.47,0.86,0,4,2.947949527,4,89,3,244,1503,356,58,86,89923.71222,23.47927688,20.31737289,30.76189857,62486.57889,0.091615385,2.3298,0.320189274,150.8823,111,0.1643,9.484953282,-0.102
118,113,5,0,2,186.72,5,2,3,0,0,0,0,0,0,0,1,108,1,0,1,22032.92528,185.0842087,185.1371639,1.969388889,0,0,0,0,0,0,0,0,0,0
95,75,20,0,2,7.96,20,11,9,0,0,0,0,0,0,0,11,72,11,7,4,31.47638889,7.873272569,0.327146991,3.098305556,0,0,0,0,0,0,0,0,0,0
980,338,517,125,5,30.68,517,213,304,8.1108,0.89,0,4,2.816,4,18,3,154,293,205,80,49,22919.17278,30.64648658,23.3630615,14.02259274,18825.25417,0.140842222,1.7369,0.224,23.6387,13,0.3257,3.154701717,0.0104
39,38,1,0,2,1780.9,1,1,0,0,0,0,0,0,0,0,1,37,1,0,1,16820.62694,1736.378715,0,0.907777778,16819.71917,0,0,0,0,0,0,0,0,0
39,25,13,1,2,32.93,13,5,8,0,0,0,0,0,0,1,1,7,21,7,6,0,1284.380556,31.10128472,9.432770833,6.860138889,907.0666667,0,0,0,0,0,0,0,0
1849,1244,434,171,5,14.45,434,196,238,-12.0641,0.89,-0.53,4,2.777777778,4,29,3,73,1144,75,34,18,23982.78194,14.43929009,12.96359279,3.327266132,0.655833333,-0.07822,0.8849,0.385964912,36.6426,19,-0.0948,-5.599672154,-0.0117
5,5,0,0,1,670.71,0,0,0,0,0,0,0,0,0,0,0,5,0,0,0,0,558.9220833,0,0,0,0,0,0,0,0,0,0,0,0
302,263,35,4,2,35.86,35,20,15,0.9492,0,0,2,1.75,2,2,1,21,258,21,10,7,270.3847222,35.73991566,0.8923304,9.708340456,0.04,0.18984,0,0,0,1,0.9492,0.59358,0.3565
1432,989,325,118,5,17.83,325,148,177,10.5925,0.87,0.74,4,2.822033898,4,28,3,57,873,94,42,33,25530.3375,17.74236799,17.81582829,78.23568878,3315.908611,0.043166379,1.7776,0.245762712,29.8492,16,0.2977,4.594957758,0.4033
1750,685,931,134,5,21.62,931,312,619,-18.1734,0.87,-0.42,4,2.813432836,4,26,3,117,533,119,74,20,37260.68639,21.61179088,21.2796567,36.34909581,19322.16528,-0.121357237,-0.0399,0.455223881,33.3435,20,-0.1231,-4.587756743,-0.1375
24,24,0,0,1,8.62,0,0,0,0,0,0,0,0,0,0,0,24,0,0,0,0,8.273322222,0,0,0,0,0,0,0,0,0,0,0,0
15,14,1,0,2,6.89,1,1,0,0,0,0,0,0,0,0,1,13,1,0,1,75.46555556,6.458072917,0,0.103888889,75.36166667,0,0,0,0,0,0,0,0,0
955,246,622,87,5,31.53,622,256,366,-2.1721,0.88,0,4,2.747126437,4,16,2,101,157,101,53,42,29721.22472,31.4974878,31.08912541,10.20064244,5026.981389,0.011893258,-0.3561,0.333333333,18.7685,14,-0.0866,2.602186756,-0.074
6,4,2,0,2,3702.94,2,1,1,0,0,0,0,0,0,0,1,2,1,1,0,371.0480556,3173.949246,52.27194444,2.575416667,0,0,0,0,0,0,0,0,0,0
15,12,3,0,2,188.74,3,1,2,0,0,0,0,0,0,0,2,10,2,1,1,18.55305556,176.9427257,1.158003472,0.639074074,17.54444444,0,0,0,0,0,0,0,0,0
1177,749,415,13,2,70.8,415,171,244,1.2648,0.78,0,0,0,4,3,98,689,98,58,33,68882.40667,70.74434942,45.9004518,15.72598816,56328.01583,0.02108,0,0.153846154,0,0,0,1.195063158,-0.1395,0.0406
37,37,0,0,1,1044.63,0,0,0,0,0,0,0,0,0,0,0,37,0,0,0,0,1017.141886,0,0,0,0,0,0,0,0,0,0,0,0
261,95,146,20,5,92.51,146,54,92,2.1001,0.83,0.4,4,3.15,4,4,2,36,66,37,19,14,24145.09083,92.09532125,92.15666773,4.685925347,24128.97417,-0.007493103,1.6372,0.3,5.7946,3,0.1474,1.572148485,0.0944
1006,744,233,29,3,98.75,233,99,134,1.761,0.85,0.12,4,2.75862069,4,6,3,51,672,51,28,14,76223.46528,98.64928914,42.4771985,147.9675077,74909.22972,0.024458333,0.3724,0.24137931,6.0745,4,0.5513,1.158517143,0.092
94,60,27,7,5,806.52,27,14,13,-1.2614,0,0,3,2.571428571,3,3,2,20,53,20,7,13,71524.04639,798.034038,566.3184971,4.002469136,71513.29472,-0.009514286,-1.6226,0.428571429,0,1,-0.8172,-0.44801,-0.7506
51,21,27,3,2,26.49,27,12,15,-1.1257,0,0,0,0,2,2,20,16,20,12,7,319.9688889,25.97808761,6.15159188,11.92987037,0.416666667,-0.22514,-0.1908,0.666666667,0,0,0,-0.897266667,-0.1908,-0.4945
39,38,1,0,2,1780.9,1,1,0,0,0,0,0,0,0,0,1,37,1,0,1,16820.62694,1736.378715,0,0.907777778,16819.71917,0,0,0,0,0,0,0,0,0
16,1,14,1,2,9.31,14,5,9,0.2942,0,0,0,0,0,1,1,15,0,15,9,5,148.9413889,0,8.759542484,26.81224074,0,0.2942,0.2942,0,0,0,0.2942,0.2942,0.2942
21,20,1,0,2,833.36,1,0,1,0,0,0,0,0,0,0,1,19,1,1,0,17500.51667,1.739090909,0,17500.51667,0,0,0,0,0,0,0,0,0,0
4,4,0,0,1,954.12,0,0,0,0,0,0,0,0,0,0,0,4,0,0,0,0,763.2988333,0,0,0,0,0,0,0,0,0,0,0,0
183,91,89,3,2,4.51,89,42,47,1.2022,0,0,2,1.666666667,2,2,2,73,85,73,35,38,111.0397222,4.480703502,0.603313708,34.43034493,2.691944444,0.200366667,0,0,0,1,1.2022,0.8474,0.4926
1560,244,1109,207,5,3.02,1109,373,736,1.6909,0.87,-0.82,4,2.927536232,4,39,3,112,148,112,78,14,4445.955556,3.016534095,2.788092925,9.386981364,3004.702778,0.000923958,-1.4793,0.323671498,47.143,34,0.0753,1.190720048,0.7996
271,45,97,129,5,270.33,97,38,59,6.9977,0.86,0.38,4,2.775193798,4,25,3,191,37,207,50,34,71792.59861,269.3319904,177.8166411,29.87738148,47628.24139,0.786875,5.8766,0.333333333,32.0672,20,-0.1189,1.194399911,0.3851
1293,495,609,189,5,20.2,609,247,362,-0.2353,0.87,0.08,4,2.772486772,4,41,3,164,363,174,64,32,26119.65556,20.18519213,20.18516529,34.56004127,1935.062778,-0.002215152,-0.3449,0.333333333,30.9692,21,0.0684,0.312601922,-0.1681
48,48,0,0,1,15.31,0,0,0,0,0,0,0,0,0,0,0,48,0,0,0,0,14.9935034,0,0,0,0,0,0,0,0,0,0,0,0
3979,1018,1831,1130,5,2.1,1831,591,1240,66.5227,0.89,0,4,2.803539823,4,113,3,233,796,253,73,28,8366.84,2.100196748,2.096579983,26.08702327,2723.931389,0.24431982,1.3238,0.246902655,224.7727,140,0.1954,18.97713382,-0.0312
53,43,10,0,2,1.15,10,5,5,0,0,0,0,0,0,0,4,40,4,2,2,13.77888889,1.131522634,0.254547325,0.217305556,0,0,0,0,0,0,0,0,0,0
486,185,258,43,5,88.86,258,129,129,9.631,0.9,0.44,4,3.023255814,4,8,3,115,146,122,53,43,22724.78583,88.67897502,46.66272872,7.173082497,17979.20444,0.15504359,0.3159,0.186046512,8.469,5,0.2176,3.216832283,0.0084
3630,771,2049,810,5,6.36,2049,705,1344,26.736,0.87,0.13,4,2.959259259,4,106,3,258,465,369,86,54,23082.91556,6.342235457,6.357171578,22.1315134,15595.7325,0.063670915,1.7595,0.296296296,187.3621,118,0.0016,9.559665403,0.528
1586,1312,186,88,5,50.94,186,82,104,2.9353,0.85,0.4,4,3.022727273,4,24,4,92,1263,140,63,58,79155.36611,50.90305258,45.51121806,30.82271221,75507.75167,0.065820408,0.8667,0.318181818,20.7466,13,-0.0242,1.755680685,0.4149
1416,1025,354,37,5,29.77,354,194,160,5.6557,0.89,0,4,2.567567568,4,10,3,23,902,23,10,13,38867.28972,29.74490042,27.42925684,8.595388738,17685.01583,0.03526748,-1.1908,0.216216216,8.0938,6,1.3201,1.824026429,1.0598
6,6,0,0,1,719.77,0,0,0,0,0,0,0,0,0,0,0,6,0,0,0,0,616.9476984,0,0,0,0,0,0,0,0,0,0,0,0
1672,1222,215,235,6,12.56,215,69,146,9.6783,0.85,0.89,4,3.008510638,4,54,3,40,1105,43,22,12,20753.55833,12.54942668,12.03657966,32.10977381,17610.93444,0.11647094,0.7908,0.327659574,60.9472,37,-0.0375,6.292135142,0.0686
225,138,72,15,3,1.49,72,34,38,-0.2233,0.96,-0.2,2,1.333333333,2,2,2,49,118,49,21,20,334.4269444,0.257075959,1.479755408,6.469361772,0,-0.011165,0,0.266666667,1.4618,10,-0.056,-0.194228,0
3561,968,1778,815,5,6.79,1778,716,1062,12.087,0.88,0,4,2.879754601,4,86,3,262,763,344,81,51,24172.05,6.786036481,6.632157418,1370.036624,2578.630278,0.038433171,0.8692,0.285889571,177.2003,111,-0.0355,8.863476492,-0.1705
2312,456,1069,787,5,4.11,1069,376,693,32.5577,0.88,-0.39,4,2.853875476,4,94,3,281,325,550,216,93,9441.006667,4.10899265,3.915636499,7.985382883,6787.175556,0.159500763,-8.1789,0.266836086,167.3928,108,-0.0407,12.69982438,0.2715
122,76,40,6,2,40.45,40,13,27,0.7308,0,0,3,2.5,3,3,2,10,67,10,7,2,4934.479722,40.11665537,40.1173645,2.480144928,145.6113889,0.0812,0.5423,0.333333333,0,1,0.6275,0.537033333,0.1687
396,300,62,34,5,44.63,62,26,36,-0.9221,0.9,-0.15,4,2.705882353,4,7,3,7,264,7,2,2,17673.70778,43.91544221,44.50098027,4.121147487,8.156944444,0.017127778,-1.6126,0.294117647,7.7855,4,0.0141,-0.354677273,-0.0146
4,3,1,0,2,3635.54,1,1,0,0,0,0,0,0,0,0,1,2,1,0,1,1689.425556,2908.4315,0,0.03,1689.395556,0,0,0,0,0,0,0,0,0
8,8,0,0,1,1388.47,0,0,0,0,0,0,0,0,0,0,0,8,0,0,0,0,1234.199136,0,0,0,0,0,0,0,0,0,0,0,0
1636,551,890,195,5,15.65,890,330,560,-28.2101,0.85,0,4,3.01025641,4,47,3,128,484,138,62,29,25450.86722,15.64438013,15.54725972,2.543008181,4644.609722,-0.301426866,-0.4674,0.487179487,57.3201,33,-0.2996,-10.32495074,-0.1421
18,18,0,0,1,4049.11,0,0,0,0,0,0,0,0,0,0,0,18,0,0,0,0,3836.001915,0,0,0,0,0,0,0,0,0,0,0,0
28,23,5,0,2,2598.43,5,1,4,0,0,0,0,0,0,0,5,22,5,4,1,72756.1025,2508.516657,0.314233716,5.917833333,72746.98306,0,0,0,0,0,0,0,0,0
57,22,32,3,3,267.86,32,11,21,-1.0496,0,0,2,1.666666667,2,2,1,13,17,13,9,4,12989.73611,263.242773,223.8897462,20.27856209,12986.63806,-0.20992,-0.34,0.666666667,0,1,-1.0496,-0.6948,-0.7096
84,51,31,2,2,1060.78,31,17,14,0.5994,0,0,0,0,2,2,16,41,16,7,9,85181.05778,1048.299471,303.4228987,3.421810036,83162.86778,0.05994,0,0,0,0,0,0.2997,0.5994,0.5994
207,58,138,11,2,45.32,138,51,87,-0.6264,0.89,0.44,0,0,3,2,33,42,33,11,15,9380.756944,44.36097756,45.09973157,10.60803505,0.951111111,-0.03915,0,0.181818182,0,0,0,0.148978947,-0.9062,-0.9062
45,40,5,0,2,16.29,5,2,3,0,0,0,0,0,0,0,2,36,2,2,0,184.9766667,15.93841184,4.020730676,3.874777778,183.5069444,0,0,0,0,0,0,0,0,0
94,48,41,5,5,245.65,41,18,23,-0.9497,0,0,0,0,3,2,23,37,23,15,8,21029.51083,243.0617924,221.3626637,21.34889566,12556.40861,-0.080527273,-0.9497,0.4,0,0,0,-0.153928571,-0.9497,-0.9497
3430,937,1863,630,5,20.67,1863,751,1112,34.5947,0.87,0,4,2.982539683,4,92,3,152,716,169,51,40,70896.49333,20.60977558,19.88504153,20.4275532,69220.53361,0.069720362,1.6251,0.285714286,150.3783,84,0.1625,10.94451623,0.1165
29,15,7,7,5,2730.68,7,5,2,2.2628,0,0,2,1.857142857,2,2,2,4,11,4,1,3,78878.42667,2639.661981,1742.540741,33.30536325,26602.14389,0.24805,1.8413,0,0,1,1.0682,1.34215,0.6467
34,8,9,17,5,2158.42,9,4,5,3.5871,0.84,0,4,2.764705882,4,4,3,5,4,8,2,4,64296.72,2096.731437,172.9049286,0.367575758,58245.02667,0.325475,2.8318,0.117647059,3.6356,1,0.546,1.760033333,0.2472
92,30,59,3,2,105.18,59,30,29,0.5423,0,0,0,0,2,2,12,12,12,6,6,1775.272778,104.0535484,18.91220131,7.87375,1443.466389,0.030127778,0.5423,0,0,0,0,0.180766667,0.5423,0.5423
2198,1882,316,0,2,34.28,316,118,198,0,0,0,0,0,0,0,45,1796,45,27,18,71312.6275,34.26278131,32.38801955,96.19146888,6519.205,0,0,0,0,0,0,0,0,0
91,30,61,0,2,51.75,61,18,43,0,0,0,0,0,0,0,31,22,31,23,8,4684.648889,51.18627114,50.91950483,0.536352459,4684.224167,0,0,0,0,0,0,0,0,0
1757,1004,590,163,5,11.8,590,233,357,16.8501,0.9,-0.36,4,2.601226994,4,27,3,108,892,108,52,27,20731.45944,11.77658814,11.79135397,31.41747559,1642.701667,0.109745536,0.6219,0.190184049,30.722,19,0.593,5.018669366,0.1694
29,15,7,7,5,2730.68,7,5,2,2.2628,0,0,2,1.857142857,2,2,2,4,11,4,1,3,78878.42667,2639.661981,1742.540741,33.30536325,26602.14389,0.24805,1.8413,0,0,1,1.0682,1.34215,0.6239
116,111,4,1,2,662.88,4,3,1,-0.5423,0,0,0,0,0,1,1,1,106,1,1,0,3224.770278,657.214245,27.54921652,0.430208333,1.407777778,-0.10846,0,1,0,0,-0.5423,-0.5423,-0.5423
133,133,0,0,1,0.52,0,0,0,0,0,0,0,0,0,0,0,133,0,0,0,0,0.513845357,0,0,0,0,0,0,0,0,0,0,0,0
2204,682,1277,245,5,8.73,1277,488,789,-38.7529,0.85,0,4,2.869387755,4,52,3,107,552,116,60,29,18599.16639,8.722888511,8.434966868,21.60396332,8234.496944,-0.213844615,-0.1383,0.489795918,52.8997,41,-0.4197,-15.27934804,-0.0878
1786,1000,655,131,5,36.9,655,248,407,5.8455,0.86,-0.13,4,2.885496183,4,23,2,104,877,107,59,37,65889.6875,36.8802899,35.59214186,620.611732,63630.86,-0.00619187,-1.6161,0.312977099,30.0126,22,0.0709,2.195800906,0.6679
1310,484,621,205,5,9.35,621,245,376,-11.4519,0.87,0,4,2.92195122,4,36,3,134,412,148,61,32,12251.29444,6.129231715,9.340138147,18.28892852,10.265,-0.200877778,-0.7583,0.375609756,46.5997,26,0.0944,-0.092148254,0.2968
51,22,26,3,2,4.39,26,9,17,0.5719,0,0,0,0,2,2,25,19,25,16,6,223.73,1.36079594,4.190026709,7.047998084,52.53472222,0.190633333,0,0,0,0,0,0.190633333,0.5719,0.5719
100,88,11,1,2,634.81,11,4,7,0.8948,0,0,0,0,0,1,1,1,76,1,0,1,55176.61778,628.5142987,546.2983471,1498.557677,0.4625,0.074566667,0,0,0,0,0.8948,0.8948,0.8948
176,94,58,24,5,101.17,58,17,41,-2.6213,0.84,0.34,4,3,4,9,3,24,77,26,15,5,17806.79556,100.6023101,100.6033349,10.14034722,14201.94528,-0.066729412,-1.5612,0.458333333,7.0717,2,-0.0038,-1.316,-0.1367
94,48,41,5,5,245.65,41,18,23,-0.9497,0,0,0,0,3,3,23,37,23,15,8,21029.51083,243.0617924,221.3626637,21.34889566,12556.40861,-0.080527273,-0.9497,0.4,0,0,0,-0.153928571,-0.8858,-0.8858
963,524,361,78,5,28.47,361,158,203,1.4775,0.86,0,4,2.91025641,4,22,2,108,452,115,53,36,22187.90306,28.44269104,23.01571289,62.07213028,8.479166667,-0.054490278,0.6661,0.358974359,16.0904,11,0.0516,0.595311972,-0.6685
6,6,0,0,1,10984.78,0,0,0,0,0,0,0,0,0,0,0,6,0,0,0,0,9415.525714,0,0,0,0,0,0,0,0,0,0,0,0
1533,1024,351,158,5,11.4,351,142,209,-13.7444,0.89,0,4,2.778481013,4,25,3,41,888,41,17,16,17475.35444,11.39193937,11.39188577,2.496151395,8.195,-0.082366912,-0.3377,0.373417722,32.6914,17,0.0465,-4.837610624,0.1422
159,123,34,2,2,446.87,34,10,24,0.7476,0,0,0,0,2,2,23,111,23,18,5,70145.86444,444.074474,350.8152378,8.996830065,53846.8925,0.0623,0,0,0,0,0,0.3738,0.7476,0.7476
270,66,174,30,5,57.32,174,66,108,-0.9959,0.86,0,4,2.933333333,4,6,2,114,52,122,61,35,3714.923889,57.10459615,13.70646986,21.7295297,93.08833333,-0.105864286,-1.8364,0.4,8.1501,6,-0.4613,-0.783872603,-0.043
356,137,189,30,2,234.35,189,61,128,2.002,0.9,0,5,3.433333333,5,8,3,101,112,101,64,26,83429.98556,233.6422113,146.0257952,14.5568318,81128.27806,0.08008,0,0.166666667,4.6891,3,0.4027,0.347063855,0.0125
45,35,9,1,2,210.91,9,7,2,-0.5859,0,0,0,0,0,1,1,3,29,3,1,2,9484.066667,206.1747162,205.0006703,64.21211111,883.9358333,-0.09765,0,1,0,0,-0.5859,-0.5859,-0.5859
278,146,108,24,3,42.61,108,49,59,1.3118,0.8,-0.4,4,3.125,4,8,3,44,121,45,22,15,11816.78167,42.46066408,42.35379132,167.4220269,0,0.038024,0.7249,0.375,7.8367,5,0.1267,0.459915152,0.0242
2,2,0,0,1,0.23,0,0,0,0,0,0,0,0,0,0,0,2,0,0,0,0,0.156296296,0,0,0,0,0,0,0,0,0,0,0,0
45,40,4,1,2,3.02,4,4,0,0.5255,0,0,0,0,0,1,1,4,38,4,0,3,132.8838889,2.950863527,2.727614734,1.232,6.805555556,0.26275,0.5255,0,0,0,0.5255,0.5255,0.5255
505,154,327,24,4,159.93,327,149,178,2.3739,0.91,0,4,2.541666667,4,6,2,85,116,85,38,45,80476.275,159.6172793,155.9437451,13.14091794,49606.02972,0.070844737,0,0.125,3.9648,2,0.2204,0.683936508,-0.1821
2205,976,945,284,5,7.69,945,316,629,-4.7776,0.86,0.34,4,2.915492958,4,55,3,130,842,139,79,12,16929.99889,7.68682671,7.674435378,5.913677721,1662.389722,-0.024811194,2.5843,0.383802817,59.2303,39,-0.1517,-1.697890719,-0.1199
322,10,163,149,5,0.19,163,61,102,-7.835,0.85,-0.54,4,3.093959732,4,21,4,168,5,196,55,25,59.8175,0.097007224,0.18503096,3.436099537,0,-2.31998,-5.6717,0.402684564,39.0485,20,0.0399,-4.311336042,0.7783
1,1,0,0,1,0,0,0,0,0,0,0,0,0,0,0,0,1,0,0,0,0,0,0,0,0,0,0,0,0,0,0,0,0,0
44,22,22,0,2,211.87,22,8,14,0,0,0,0,0,0,0,12,17,12,8,4,5343.326111,207.1586481,29.2927716,2.469558081,4030.578056,0,0,0,0,0,0,0,0,0
1149,638,457,54,5,13.33,457,206,251,-1.9436,0.87,0,4,2.944444444,4,13,3,109,580,110,44,46,15313.1975,13.25980604,12.80591594,128.1718804,588.6913889,-0.031543103,-1.5756,0.407407407,15.4963,6,0.2341,-1.781826778,0.0216
5988,2554,2535,899,5,2.61,2535,859,1676,-50.0697,0.87,-0.66,4,2.96996663,4,110,3,166,2102,214,90,29,15006.79139,2.608402256,2.505628884,6.392134336,12066.04639,-0.124080752,0.9301,0.378197998,226.864,129,-0.0224,-17.70484827,-0.2778
115,30,78,7,2,149.84,78,32,46,-1.4051,0,0,4,3.142857143,4,4,3,73,23,73,40,28,2326.233889,148.551614,20.04810105,0.54427451,390.7277778,-0.200728571,0,0.428571429,0,1,-1.4567,-0.342816667,-0.3066
1408,61,814,533,5,24.23,814,221,593,-9.6788,0.87,0.44,4,2.786116323,4,72,3,229,32,344,105,39,21780.01611,24.21751301,5.190359593,9.2424114,18718.39778,-0.067393103,-6.4779,0.328330206,100.0913,84,-0.2402,-1.882566068,0.2793
5238,1032,3166,1040,5,0.87,3166,1306,1860,73.3753,0.86,0,4,3.032692308,4,128,4,130,576,181,74,43,4555.385,0.874470584,0.869258976,24.25871068,2311.293611,0.098266447,1.1311,0.298076923,245.4885,139,-0.0181,26.77650526,0.6227
37,29,6,2,2,1807.71,6,3,3,-0.3575,0,0,0,0,2,2,5,25,5,1,2,66885.135,1760.11481,1752.176718,2.262013889,12128.63417,-0.089375,0,0.5,0,0,0,-0.17875,-0.3575,-0.3575
527,55,327,145,5,145.51,327,108,219,16.2856,0.87,0,4,2.924137931,4,27,3,148,23,164,77,20,76684.83167,145.0741004,116.799213,51.60239509,69261.25889,0.423765625,1.1124,0.234482759,37.5398,17,0.0344,9.045466427,0.1896
89,66,23,0,2,5.53,23,9,14,0,0,0,0,0,0,0,12,60,12,8,4,136.8825,5.467395062,1.520679012,10.26572464,0,0,0,0,0,0,0,0,0,0
317,263,46,8,2,251.46,46,19,27,1.4127,0,0,4,3.25,4,4,3,31,251,31,18,9,70374.62139,250.6708735,166.1316571,1.953184156,61627.05139,0.117725,0,0.25,0,1,0.2159,0.652066667,-0.1467
254,96,117,41,5,337.83,117,47,70,4.3993,0.84,0.79,4,2.87804878,4,11,3,43,73,43,16,14,84916.20111,336.5096166,249.3126329,57.86030497,82026.17028,0.205330435,-0.1711,0.341463415,9.1566,7,0.0114,1.391383871,-0.1616
138,75,62,1,2,8.2,62,15,47,-0.25,0,0,0,0,0,1,1,22,55,22,19,3,91.99111111,8.136946443,0.661780576,0.810877425,82.08166667,-0.0125,0,1,0,0,-0.25,-0.25,-0.25
420,226,144,50,5,225.25,144,38,106,-3.1415,0.84,0,4,3.08,4,10,3,101,212,112,62,19,94603.32806,224.6450152,167.9056288,4.17480464,94575.55139,-0.254021429,-1.2034,0.44,14.416,9,-0.1009,-3.044852571,-0.062
7,7,0,0,1,3904.47,0,0,0,0,0,0,0,0,0,0,0,7,0,0,0,0,3416.415313,0,0,0,0,0,0,0,0,0,0,0,0
5,1,0,4,5,0,0,0,0,1.2045,0,0,0,0,2,2,1,0,4,0,0,0,0,0,0,0,0.8519,1.2045,0.25,0,0,0,0.60225,0.8519,0.6486
2800,926,1230,644,6,1.68,1230,444,786,-1.1435,0.86,0.6,4,2.99068323,4,97,3,154,701,171,63,35,4705.623889,1.682387243,1.679871871,14.35208805,3985.565,0.00156,0.6808,0.341614907,143.1563,100,-0.0899,3.430398373,-0.1723
552,165,326,61,5,11.57,326,95,231,-2.8581,0.84,0.59,4,2.918032787,4,19,3,113,138,252,143,64,6271.888889,11.27810679,11.34149588,1.533283027,6236.793056,-0.076722222,-1.0722,0.475409836,16.428,11,-0.2468,-2.089016667,-0.0982
459,222,222,15,5,216.38,222,90,132,2.8099,0.76,-0.69,0,0,4,3,41,160,41,24,16,99319.45194,215.9110713,165.9350338,11.8781265,93523.08806,0.010764516,-0.2717,0.2,0,0,0,1.94565,-0.0054,-0.0091
37,16,21,0,2,2.52,21,7,14,0,0,0,0,0,0,0,18,13,18,12,6,86.80833333,2.456644737,2.284298246,9.400978836,0,0,0,0,0,0,0,0,0,0
3261,431,1847,983,5,6.5,1847,790,1057,129.7907,0.9,-0.38,4,2.783316378,4,90,3,274,334,304,77,34,20207.46111,6.49502163,5.104822025,120.636133,15289.95333,1.122028866,20.9262,0.173957274,215.5602,93,0.2575,49.90565984,0.013
59,55,4,0,2,1.14,4,3,1,0,0,0,0,0,0,0,2,52,2,0,2,19.55194444,1.119138889,0.286310185,1.636666667,15.22444444,0,0,0,0,0,0,0,0,0
3988,920,2457,611,5,23.53,2457,906,1551,18.1611,0.88,0.61,4,2.813420622,4,83,3,169,696,192,55,15,93765.86306,23.52579127,16.29790605,36.8243463,92404.24444,0.062946429,0.9926,0.274959083,112.5417,81,-0.0029,10.01072865,0.0735
321,13,238,70,5,10.88,238,63,175,4.0227,0.86,-0.36,4,2.857142857,4,22,3,110,6,244,142,44,3476.520833,10.84453157,10.79664079,1.807100072,151.4755556,0.169728571,2.1349,0.271428571,14.4445,9,-0.057,1.500107588,0.2053
4,4,0,0,1,13975.99,0,0,0,0,0,0,0,0,0,0,0,4,0,0,0,0,11180.79244,0,0,0,0,0,0,0,0,0,0,0,0
57,25,29,3,2,0.72,29,10,19,-0.3401,0,0,0,0,2,2,31,23,31,18,10,19.40611111,0.708084291,0.116882184,0.826944444,12.595,-0.17005,-0.3401,0.333333333,0,0,0,0.007033333,-0.3401,-0.3401
71,27,20,24,2,545.71,20,9,11,12.7179,0.94,0.51,3,2.375,3,5,2,22,23,22,1,0,38742.37972,538.0569907,426.5388233,0.466641414,32834.73028,3.179475,0,0.041666667,4.7214,2,1.6727,8.969229508,0.7351
189,78,90,21,4,458.13,90,41,49,0.7582,0.89,0,5,3.523809524,5,6,3,18,44,20,13,3,86045.18306,455.7192778,271.4887719,3.568183761,69713.55778,0.022423529,0,0.333333333,5.5194,1,0.7252,0.273309375,0.2677
5133,2434,2066,633,6,2.54,2066,780,1286,20.0543,0.84,0.76,4,3.093206951,4,101,4,108,2039,110,66,29,13017.72167,2.529409168,2.533452528,32.35404875,491.3419444,0.04711519,1.6581,0.357030016,172.9512,110,-0.0115,10.47729352,-0.2321
64,61,3,0,2,1130.92,3,3,0,0,0,0,0,0,0,0,2,59,2,0,2,28.24,1113.52059,0.350884615,2.015185185,5.299166667,0,0,0,0,0,0,0,0,0
1,1,0,0,1,0,0,0,0,0,0,0,0,0,0,0,0,1,0,0,0,0,0,0,0,0,0,0,0,0,0,0,0,0,0
2,1,1,0,2,2.11,1,1,0,0,0,0,0,0,0,0,1,0,1,0,1,4.213611111,0,0,4.213611111,0,0,0,0,0,0,0,0,0,0
1376,1016,318,42,5,18.09,318,118,200,2.6908,0.92,0,4,2.595238095,4,7,3,100,973,100,56,29,24334.21417,18.07546074,17.66650831,4.810707784,423.5922222,0.069397674,0,0.166666667,7.7688,4,0.2166,0.658639655,0.0604
3043,1781,1130,132,5,17.23,1130,411,719,20.7565,0.87,0,4,2.96969697,4,23,3,97,1520,97,58,34,52156.57556,17.22418063,17.10987389,26.90447148,32426.67667,0.052455556,1.1522,0.204545455,24.0487,8,-0.0618,10.21214876,0.2349
3,1,2,0,2,209.15,2,1,1,0,0,0,0,0,0,0,2,0,2,1,1,627.4416667,0,156.8430556,313.7555556,0,0,0,0,0,0,0,0,0,0
16,11,5,0,2,4241.35,5,3,2,0,0,0,0,0,0,0,5,10,5,2,3,34503.74139,3991.854346,0.012205882,0.102277778,34503.50861,0,0,0,0,0,0,0,0,0
1,1,0,0,1,0,0,0,0,0,0,0,0,0,0,0,0,1,0,0,0,0,0,0,0,0,0,0,0,0,0,0,0,0,0
11,11,0,0,1,1.61,0,0,0,0,0,0,0,0,0,0,0,11,0,0,0,0,1.479513889,0,0,0,0,0,0,0,0,0,0,0,0
4388,2909,1026,453,5,20.82,1026,398,628,-65.2458,0.87,0.37,4,2.98013245,4,73,4,157,2745,477,188,66,91341.08806,20.81604415,17.8124226,39.98966879,84475.97889,-0.149744512,0.3578,0.437086093,116.8575,58,-0.32,-23.52944698,0.0724
3,3,0,0,1,735.52,0,0,0,0,0,0,0,0,0,0,0,3,0,0,0,0,551.6377778,0,0,0,0,0,0,0,0,0,0,0,0
28,25,3,0,2,1.48,3,1,2,0,0,0,0,0,0,0,1,22,1,1,0,14.38638889,1.431867816,0.495258621,0.033888889,0,0,0,0,0,0,0,0,0,0
184,180,4,0,2,173.23,4,4,0,0,0,0,0,0,0,0,2,177,2,0,2,26764.55472,172.2952417,107.3011246,25.455,26662.98694,0,0,0,0,0,0,0,0,0
3,2,1,0,2,1840.65,1,1,0,0,0,0,0,0,0,0,1,1,1,0,1,96.42722222,1380.484306,0,96.42722222,0,0,0,0,0,0,0,0,0,0
2105,440,1386,279,5,40.3,1386,441,945,13.8555,0.87,0,4,2.867383513,4,43,4,168,328,185,75,28,84830.26611,40.24953783,29.71463702,66.36891592,72812.03639,0.025241964,1.85,0.258064516,63.8605,37,-0.0942,6.948682418,-0.2629
24,21,2,1,2,3072.64,2,2,0,0.4843,0,0,0,0,0,1,1,1,18,1,0,1,69347.42583,2949.562833,2146.6107,0.505416667,15681.89833,0.161433333,0,0,0,0,0.4843,0.4843,0.4843
9,9,0,0,1,7565.11,0,0,0,0,0,0,0,0,0,0,0,9,0,0,0,0,6808.599639,0,0,0,0,0,0,0,0,0,0,0,0
140,108,30,2,2,444.98,30,16,14,1.2162,0,0,1,1,1,1,1,6,94,6,2,4,31461.66306,441.8220173,223.1286426,24.4930816,0,0.086871429,0,0,0,1,1.2162,1.2162,0.6588
2104,661,930,513,5,46.75,930,318,612,68.4567,0.9,0.74,4,2.764132554,4,60,3,290,557,348,83,35,98371.76889,46.70752679,33.84811401,12.33013343,95083.19667,0.564328846,-0.0422,0.191033138,96.4622,38,0.1739,21.67194838,-0.0179
19,17,2,0,2,3512.7,2,0,2,0,0,0,0,0,0,0,1,15,1,1,0,40852.79694,3337.060583,2042.630306,4.275416667,0,0,0,0,0,0,0,0,0,0
76,35,36,5,5,1047.89,36,12,24,1.0394,0,0,2,1.8,2,2,2,29,27,29,22,7,59342.5875,1034.27868,685.9726804,5.784128086,19716.74056,0.00645,1.0394,0,0,1,0.9878,0.6316,0.5859
5,5,0,0,1,391.65,0,0,0,0,0,0,0,0,0,0,0,5,0,0,0,0,326.3748148,0,0,0,0,0,0,0,0,0,0,0,0
1,1,0,0,1,0,0,0,0,0,0,0,0,0,0,0,0,1,0,0,0,0,0,0,0,0,0,0,0,0,0,0,0,0,0
19,14,3,2,3,2389.12,3,0,3,0.6947,0,0,0,0,2,2,3,13,5,3,0,45388.7125,2269.395056,0.039291667,0.173777778,45387.90111,0.6947,0.6947,0,0,0,0,0.34735,0.6947,0.6947
54,54,0,0,1,2.42,0,0,0,0,0,0,0,0,0,0,0,54,0,0,0,0,2.376833333,0,0,0,0,0,0,0,0,0,0,0,0
6,5,1,0,2,7542.89,1,0,1,0,0,0,0,0,0,0,1,4,1,1,0,388.0869444,6465.336667,0,388.0869444,0,0,0,0,0,0,0,0,0,0
5,4,1,0,2,1135.86,1,1,0,0,0,0,0,0,0,0,1,3,1,0,1,5675.606944,946.5512963,0,0.876111111,5674.730833,0,0,0,0,0,0,0,0,0
369,321,37,11,3,242.32,37,12,25,0.5626,0.87,-0.32,2,1.727272727,2,4,1,6,296,6,4,2,89155.96389,241.6628371,177.3413228,6.895755814,41093.23917,0.022504,-0.1531,0.363636364,2.0053,5,0.1642,0.228107692,0.1864
5,4,1,0,2,5.8,1,0,1,0,0,0,0,0,0,0,1,3,1,1,0,0.284166667,4.834583333,0,0.284166667,0,0,0,0,0,0,0,0,0,0
129,121,6,2,2,691.06,6,2,4,0.1827,0,0,0,0,2,2,3,115,3,3,0,71264.67417,685.7402115,195.9763141,95.45421296,45787.68528,0.03045,-0.6486,0.5,0,0,0,0.09135,0.1827,0.1827
2,2,0,0,1,1.96,0,0,0,0,0,0,0,0,0,0,0,2,0,0,0,0,1.303981481,0,0,0,0,0,0,0,0,0,0,0,0
1072,815,236,21,3,80.99,236,90,146,2.4083,0.84,0.4,4,3,4,9,3,35,729,35,20,14,84961.26639,80.91536864,69.98459485,8.540460381,68816.19694,0.028901163,-0.0772,0.285714286,5.0014,2,0.0455,1.037041791,-0.0252
92,88,3,1,2,715.46,3,2,1,-0.5599,0,0,0,0,0,1,1,3,86,3,1,1,39307.92861,707.7694564,68.1426135,0.020416667,32970.65778,-0.27995,-0.5599,1,0,0,-0.5599,-0.5599,-0.5599
1,1,0,0,1,0,0,0,0,0,0,0,0,0,0,0,0,1,0,0,0,0,0,0,0,0,0,0,0,0,0,0,0,0,0
1,1,0,0,1,0,0,0,0,0,0,0,0,0,0,0,0,1,0,0,0,0,0,0,0,0,0,0,0,0,0,0,0,0,0
3409,1527,1285,597,5,8.28,1285,501,784,23.6972,0.88,0.36,4,2.882747069,4,78,3,106,1314,110,37,20,27222.03972,8.281997556,7.982988351,18.68918148,23432.76667,0.122762911,-1.391,0.289782245,132.344,88,0.1333,7.044004284,-0.0143
7,7,0,0,1,1342.88,0,0,0,0,0,0,0,0,0,0,0,7,0,0,0,0,1175.019792,0,0,0,0,0,0,0,0,0,0,0,0
3,3,0,0,1,49.39,0,0,0,0,0,0,0,0,0,0,0,3,0,0,0,0,37.04319444,0,0,0,0,0,0,0,0,0,0,0,0
7627,3234,2433,1960,7,1.2,2433,1100,1333,303.0105,0.86,0,4,3.069897959,4,192,3,101,2379,106,44,34,9178.920833,1.180085322,1.202557209,22.06781853,7544.437222,0.209496491,-1.5395,0.230102041,549.1605,236,0.0716,124.4230183,0.0299
154,89,47,18,2,273.98,47,20,27,3.8593,0.89,0,3,2.444444444,3,4,3,15,71,15,6,1,40085.66167,272.2104695,258.6162258,3.571085069,40062.68083,0.214405556,0,0.166666667,2.9472,2,0.5972,1.585476667,0.0877
3339,1495,1141,703,5,22.15,1141,446,695,55.4598,0.88,0.59,4,2.86913229,4,93,3,167,1170,208,69,24,73972.8975,22.09722929,5.819437874,10.80353613,54654.83222,0.134570769,0,0.250355619,148.6416,83,-0.0101,19.64265994,-0.6093
91,43,40,8,5,840.78,40,21,19,2.5851,0,0,4,2.875,4,4,3,21,31,21,10,11,74502.375,831.6435024,719.317968,8.939873737,70375.45444,0.022441667,1.3512,0.125,0,1,1.6401,1.314469231,0.372
43,42,1,0,2,1481.26,1,1,0,0,0,0,0,0,0,0,1,41,1,0,1,19912.745,1447.59351,0,0.263611111,19912.48139,0,0,0,0,0,0,0,0,0
1,1,0,0,1,0,0,0,0,0,0,0,0,0,0,0,0,1,0,0,0,0,0,0,0,0,0,0,0,0,0,0,0,0,0
4623,1813,1824,986,5,20.55,1824,737,1087,87.7779,0.85,0.13,4,3.093306288,4,129,3,220,1532,260,58,43,94997.82806,20.53769818,16.90256362,30.93505167,79229.06333,0.311019929,0.5859,0.296146045,285.1995,152,-0.0538,34.38372299,-0.0651
2489,994,905,590,6,37.8,905,364,541,-33.1367,0.85,-0.56,4,3.027118644,4,88,3,157,791,179,70,45,93184.89389,37.78810074,13.38737573,12.04111089,87142.59667,-0.128549261,-7.2471,0.391525424,156.3166,100,-0.269,-11.78755894,0.0138
36,30,6,0,2,1801.19,6,3,3,0,0,0,0,0,0,0,4,27,4,2,2,64842.93778,1752.503829,904.993003,0.191342593,31536.17833,0,0,0,0,0,0,0,0,0
1656,705,791,160,5,57.5,791,379,412,12.4887,0.85,-0.34,4,2.9125,4,44,3,97,570,98,53,30,95018.705,57.46966975,43.50401428,183.7825448,54405.87417,0.035045185,1.5524,0.33125,31.2259,18,0.0419,3.567023042,0.0201
613,181,259,173,5,47.2,259,93,166,19.2839,0.9,-0.67,4,2.826589595,4,37,3,88,137,115,51,16,28723.10611,47.11994119,13.06917164,6.617817784,22253.07194,0.278879545,4.503,0.225433526,42.1516,16,0.2059,6.620423982,-0.5193
3,3,0,0,1,18.83,0,0,0,0,0,0,0,0,0,0,0,3,0,0,0,0,14.12326389,0,0,0,0,0,0,0,0,0,0,0,0
43,22,12,9,5,885.28,12,2,10,2.0326,0,0,3,2.555555556,3,3,2,3,19,14,10,1,38066.83556,826.9557386,534.6374558,88.55498538,36386.0525,0.060533333,0.7436,0.222222222,0,1,1.0293,0.723053846,0.4314
6698,1540,3201,1957,5,6.37,3201,1059,2142,-84.5737,0.86,0.84,4,2.955033214,4,197,3,293,1127,542,215,67,42651.47833,6.36569206,6.3570343,12.40960383,37433.10222,-0.195615738,0.279,0.385283597,415.6089,266,-0.0192,-29.89204944,-0.4355
22,13,7,2,3,2779.02,7,4,3,-0.5597,0,0,1,1,1,1,1,4,9,6,3,1,60975.7325,2658.194348,333.092814,11.4395679,60975.535,-0.044475,-0.5597,1,0,1,-0.5597,-0.5597,-0.3818
13,13,0,0,1,6928.49,0,0,0,0,0,0,0,0,0,0,0,13,0,0,0,0,6433.601032,0,0,0,0,0,0,0,0,0,0,0,0
7,3,4,0,2,598.49,4,1,3,0,0,0,0,0,0,0,4,2,4,3,1,4189.398056,523.6344444,0.038229167,0.183680556,4189.075556,0,0,0,0,0,0,0,0,0
3237,1852,1172,213,5,27.09,1172,519,653,23.4041,0.87,0,4,2.948356808,4,35,3,118,1549,121,64,31,87699.59361,27.07798075,23.36757747,43.07678852,85477.26667,0.061127723,0.7212,0.234741784,46.1958,22,0.0351,8.243744105,0.0015
1,1,0,0,1,0,0,0,0,0,0,0,0,0,0,0,0,1,0,0,0,0,0,0,0,0,0,0,0,0,0,0,0,0,0
3933,1147,2067,719,5,22.84,2067,727,1340,40.7912,0.85,0.67,4,3.055632823,4,103,3,268,934,344,92,34,89824.53833,22.79171708,20.00946506,22.99049524,87261.71222,0.145482629,0.9149,0.33240612,181.1358,124,-0.0351,12.06509891,0.5256
2460,1526,836,98,4,11.13,836,344,492,-0.1423,0.93,0,4,2.755102041,4,15,3,100,1441,100,56,29,26171.84083,11.1268055,10.63086178,3.586041065,2711.449444,0.020874118,-1.3612,0.234693878,20.6476,5,0.045,2.028841458,0.0326
2485,1288,809,388,8,9.05,809,305,504,41.2916,0.87,0.27,4,2.881443299,4,54,3,130,1013,165,64,38,22479.845,9.030379905,1.526694601,12.65580503,20197.87861,0.070065455,0.2734,0.226804124,79.5267,49,0.2526,19.69376624,-0.2501
4,4,0,0,1,800.11,0,0,0,0,0,0,0,0,0,0,0,4,0,0,0,0,640.0861111,0,0,0,0,0,0,0,0,0,0,0,0
5,5,0,0,1,14778.64,0,0,0,0,0,0,0,0,0,0,0,5,0,0,0,0,12315.53167,0,0,0,0,0,0,0,0,0,0,0,0
1012,580,369,63,5,24.37,369,153,216,0.7415,0.89,0,4,2.746031746,4,12,3,64,514,65,37,25,23906.22167,24.35066003,23.5977712,2.779719525,1681.348889,0.046965152,0.1834,0.301587302,16.1531,8,0.1876,-0.442897203,-0.3693
117,30,59,28,5,210.83,59,26,33,-1.989,0.84,0,4,2.928571429,4,6,2,63,23,65,26,24,23906.54472,209.0469633,19.28846987,3.763354701,22960.51389,-0.0874,0.1834,0.392857143,7.682,5,0.1194,-0.441227273,0.0815
2,2,0,0,1,0.22,0,0,0,0,0,0,0,0,0,0,0,2,0,0,0,0,0.144907407,0,0,0,0,0,0,0,0,0,0,0,0
1,1,0,0,1,0,0,0,0,0,0,0,0,0,0,0,0,1,0,0,0,0,0,0,0,0,0,0,0,0,0,0,0,0,0
782,447,281,54,5,29.41,281,113,168,-1.9184,0.87,0,4,2.740740741,4,11,3,64,394,65,37,25,22234.72028,29.36873208,28.39682524,2.78066092,9.8475,0.013015094,0.1834,0.333333333,12.2106,9,0.1876,-0.761898206,0.4158
5834,1271,3202,1361,5,16.16,3202,934,2268,12.3183,0.89,0,4,2.825128582,4,131,3,284,957,361,100,28,94028.03444,16.15921084,13.03286851,56.72652589,91745.71167,0.018823885,-0.9152,0.28949302,260.7734,186,-0.0503,2.919844208,-0.3295
2,2,0,0,1,6.32,0,0,0,0,0,0,0,0,0,0,0,2,0,0,0,0,4.210555556,0,0,0,0,0,0,0,0,0,0,0,0
15,15,0,0,1,3567.75,0,0,0,0,0,0,0,0,0,0,0,15,0,0,0,0,3344.761719,0,0,0,0,0,0,0,0,0,0,0,0
327,88,177,62,5,271.26,177,58,119,-1.7252,0.86,-0.69,4,3.14516129,4,15,3,107,65,112,54,40,88540.97833,270.4355513,162.0392607,6.782943655,84141.27972,-0.0713,-1.9888,0.451612903,18.9131,5,-0.0075,-2.852138095,-0.041
5,5,0,0,1,101.89,0,0,0,0,0,0,0,0,0,0,0,5,0,0,0,0,84.90768519,0,0,0,0,0,0,0,0,0,0,0,0
10,4,1,5,5,4064.37,1,1,0,-1.8539,0,0,2,1.6,2,2,1,1,3,6,0,1,40640.1,3694.851162,0,-3.262777778,40643.36278,-0.5423,-1.8539,0.8,0,2,-0.9097,-1.338757143,-0.5423
496,450,30,16,5,172.37,30,16,14,4.6745,0.92,0.75,2,1.75,2,2,2,4,422,4,1,3,85489.08611,171.9979197,153.4744355,8.899201389,17837.645,0.0732,0.9109,0,1.547,4,1.2368,2.88878,0.7506
28,9,4,15,5,3127.19,4,2,2,0.9442,0.84,0.5,4,2.8,4,7,3,2,5,2,0,2,87376.21444,3012.685489,1839.706743,2.11375,34024.71056,0.264525,1.6877,0.266666667,4.2062,1,0.1381,1.020776744,-0.5113
3,2,1,0,2,1074.32,1,0,1,0,0,0,0,0,0,0,1,1,1,1,0,0.045555556,805.741875,0,0.045555556,0,0,0,0,0,0,0,0,0,0
3,2,1,0,2,1074.32,1,0,1,0,0,0,0,0,0,0,1,1,1,1,0,0.045555556,805.741875,0,0.045555556,0,0,0,0,0,0,0,0,0,0
3,1,2,0,2,0.02,2,1,1,0,0,0,0,0,0,0,2,0,2,1,1,0.049166667,0,0.002986111,0.043194444,0,0,0,0,0,0,0,0,0,0
2,2,0,0,1,8303.09,0,0,0,0,0,0,0,0,0,0,0,2,0,0,0,0,5535.396019,0,0,0,0,0,0,0,0,0,0,0,0
1479,1047,373,59,5,43.35,373,142,231,7.1646,0.82,-0.3,4,3.186440678,4,17,3,102,928,104,62,36,60267.44889,43.32541723,40.7202119,11.65107639,25520.08556,0.052045378,0.4352,0.322033898,20.4357,10,0.1921,2.77721871,-0.2088
3743,1013,2086,644,5,1.45,2086,692,1394,53.9385,0.85,0.56,4,3.076086957,4,101,4,183,735,189,55,44,5410.646389,1.434492299,1.442879496,19.70859135,1472.026667,0.125965108,4.4149,0.315217391,170.2431,90,0.0509,19.56158002,-0.3016
24,20,3,1,2,2310.73,3,1,2,0.4939,0,0,0,0,0,1,1,3,18,3,2,1,55430.78194,2218.298744,0.234233333,2.24787037,55424.75222,0.24695,0.4939,0,0,0,0.4939,0.4939,0.4939
450,414,36,0,2,154.88,36,17,19,0,0,0,0,0,0,0,4,393,4,3,1,63508.20444,154.538297,137.8366882,6.020401235,14763.92944,0,0,0,0,0,0,0,0,0
1,1,0,0,1,0,0,0,0,0,0,0,0,0,0,0,0,1,0,0,0,0,0,0,0,0,0,0,0,0,0,0,0,0,0
3,1,2,0,2,0.83,2,2,0,0,0,0,0,0,0,0,2,0,2,0,2,2.495,0,0.560625,1.37375,0,0,0,0,0,0,0,0,0,0
11,6,5,0,2,3111.22,5,0,5,0,0,0,0,0,0,0,3,4,3,3,0,34223.41083,2851.926181,2781.667569,0.133833333,34223.11417,0,0,0,0,0,0,0,0,0
25,22,3,0,2,2157.58,3,1,2,0,0,0,0,0,0,0,2,20,2,1,1,29210.4525,2074.591549,0.783878205,6.969814815,29189.88889,0,0,0,0,0,0,0,0,0
1,1,0,0,1,0,0,0,0,0,0,0,0,0,0,0,0,1,0,0,0,0,0,0,0,0,0,0,0,0,0,0,0,0,0
117,107,9,1,2,678.35,9,4,5,0,0,0,0,0,0,1,1,5,101,5,3,1,79367.36528,672.6043809,579.9353719,0.627861111,62269.06139,0,0,0,0,0,0,0,0
1,1,0,0,1,0,0,0,0,0,0,0,0,0,0,0,0,1,0,0,0,0,0,0,0,0,0,0,0,0,0,0,0,0,0
16,16,0,0,1,0.34,0,0,0,0,0,0,0,0,0,0,0,16,0,0,0,0,0.317843137,0,0,0,0,0,0,0,0,0,0,0,0
1,1,0,0,1,0,0,0,0,0,0,0,0,0,0,0,0,1,0,0,0,0,0,0,0,0,0,0,0,0,0,0,0,0,0
2,2,0,0,1,2171.19,0,0,0,0,0,0,0,0,0,0,0,2,0,0,0,0,1447.460556,0,0,0,0,0,0,0,0,0,0,0,0
3546,1020,2105,421,5,1.01,2105,638,1467,21.303,0.87,0.81,4,2.954869359,4,67,3,152,820,180,82,30,2670.567222,1.009999922,0.752790386,10.37431049,1265.395556,0.103311,-0.8766,0.29216152,89.3906,57,0.0131,5.005361359,-0.0031
3546,1020,2105,421,5,1.01,2105,638,1467,21.303,0.87,0.81,4,2.954869359,4,67,3,152,820,180,82,30,2670.567222,1.009999922,0.752790386,10.37431049,1265.395556,0.103311,-0.8766,0.29216152,89.0922,57,0.0131,5.005361359,-0.1018
127,47,24,56,5,560.8,24,7,17,-9.2117,0.9,-0.3,5,3.607142857,5,9,4,13,27,13,0,0,71109.86889,556.255753,360.2938433,2.827931034,50749.41861,-0.265855,-1.2067,0.392857143,13.4554,4,-0.5981,-3.563697887,-0.1101
18,2,9,7,5,83.54,9,6,3,2.2083,0,0,2,1.857142857,2,3,2,8,0,13,3,6,7.582222222,78.46280702,0.396915205,0.708034188,0,0.968,0.9171,0,0,2,0.9425,1.103845455,0.7162
18,15,3,0,2,426.21,3,2,1,0,0,0,0,0,0,0,2,13,2,0,2,69.28555556,403.7800292,3.632573099,0.176018519,69.15138889,0,0,0,0,0,0,0,0,0
4,4,0,0,1,0.55,0,0,0,0,0,0,0,0,0,0,0,4,0,0,0,0,0.443888889,0,0,0,0,0,0,0,0,0,0,0,0
12,8,4,0,2,1143.57,4,1,3,0,0,0,0,0,0,0,4,7,4,3,1,2209.065833,1055.60344,0.006837607,0.051666667,2208.973889,0,0,0,0,0,0,0,0,0
1246,963,202,81,5,73.67,202,109,93,36.5197,0.91,0.74,4,2.950617284,4,8,3,21,832,21,9,12,91480.39833,73.61523278,60.10171723,12.24470602,20608.79833,0.209817557,2.5993,0.037037037,17.9863,2,0.7433,22.06877786,0.1949
3204,1012,1404,788,5,0.03,1404,530,874,119.6621,0.89,-0.88,4,2.979695431,4,90,4,286,749,298,74,15,99.30861111,0.016709048,0.030814006,6.73214438,24.93611111,0.397559316,0,0.182741117,171.095,72,0.0973,52.93513698,0.8578
278,208,68,2,2,83.75,68,41,27,0,0,0,1,1,1,1,1,7,179,7,6,1,23232.84528,83.28441258,82.81267622,1.849202381,2203.403611,0,0,0,0,1,0,0,0
425,230,95,100,5,224.27,95,35,60,8.0401,0.86,0,4,2.94,4,18,4,60,191,74,22,7,94245.58083,223.7474622,155.4611607,5.018337013,49503.99306,0.076051282,-0.8226,0.31,23.2387,15,0.0629,3.441198921,-0.0237
2,1,1,0,2,1.65,1,1,0,0,0,0,0,0,0,0,1,0,1,0,1,3.300555556,0,0,3.300555556,0,0,0,0,0,0,0,0,0,0
6,3,3,0,2,876.37,3,3,0,0,0,0,0,0,0,0,3,2,3,0,3,5258.210556,750.979246,0.193293651,0.749722222,5256.854722,0,0,0,0,0,0,0,0,0
5,5,0,0,1,3652.35,0,0,0,0,0,0,0,0,0,0,0,5,0,0,0,0,3043.625556,0,0,0,0,0,0,0,0,0,0,0,0
13,9,4,0,2,319.6,4,3,1,0,0,0,0,0,0,0,2,6,2,1,1,263.6675,296.7703571,18.76587302,2.238263889,0,0,0,0,0,0,0,0,0,0
2,2,0,0,1,0.02,0,0,0,0,0,0,0,0,0,0,0,2,0,0,0,0,0.011666667,0,0,0,0,0,0,0,0,0,0,0,0
565,390,158,17,5,149.05,158,89,69,2.3495,0.8,0,4,3.294117647,4,6,3,8,301,8,2,6,84213.95056,148.6238697,134.2867712,17.74240686,72694.19083,0.022433708,-0.592,0.294117647,5.479,1,-0.0907,0.67141875,-0.0315
1,1,0,0,1,0,0,0,0,0,0,0,0,0,0,0,0,1,0,0,0,0,0,0,0,0,0,0,0,0,0,0,0,0,0
1,1,0,0,1,0,0,0,0,0,0,0,0,0,0,0,0,1,0,0,0,0,0,0,0,0,0,0,0,0,0,0,0,0,0
215,12,153,50,5,43.97,153,65,88,-1.8821,0.87,-0.52,5,3.82,5,11,3,119,6,179,84,53,9454.287778,42.34698945,31.14945602,19.5528,8824.920556,-0.70145,-0.6469,0.4,18.2975,4,0.2932,-1.449895395,-0.8104
186,5,139,42,5,21.7,139,55,84,-0.6469,0.86,0,5,3.833333333,5,9,3,119,2,179,84,53,4036.278333,18.218776,21.58423351,21.38023634,3406.911111,-0.991166667,-0.6469,0.380952381,12.733,4,0.3968,-0.355218018,-0.3175
15,14,1,0,2,2660.7,1,0,1,0,0,0,0,0,0,0,1,13,1,1,0,31675.46444,2494.406111,0,0.019166667,31675.44528,0,0,0,0,0,0,0,0,0
2349,1562,682,105,5,24.46,682,287,395,2.08,0.86,-0.26,4,2.79047619,4,18,3,85,1409,100,48,36,57339.8275,24.45355638,24.39955154,7.956582973,2449.038333,0.003096078,0.9348,0.323809524,28.1891,17,-0.1731,-0.909054896,-0.0187
2,2,0,0,1,0.8,0,0,0,0,0,0,0,0,0,0,0,2,0,0,0,0,0.535,0,0,0,0,0,0,0,0,0,0,0,0
1865,1536,322,7,4,42.94,322,140,182,1.6394,0,0,4,3.285714286,4,4,3,25,1486,25,18,7,80091.36083,42.8912506,36.22124747,7.324258402,22947.32667,0.000244,2.1025,0.285714286,0,1,0.3991,0.980063636,-0.1844
19,19,0,0,1,72.97,0,0,0,0,0,0,0,0,0,0,0,19,0,0,0,0,69.32154167,0,0,0,0,0,0,0,0,0,0,0,0
81,65,12,4,2,573.52,12,6,6,0.6762,0,0,0,0,2,2,3,56,3,1,2,27278.78722,566.5290955,332.6576253,1.123518519,0.835,0.075133333,0,0.25,0,0,0,0.8196,-0.223,-0.223
2,2,0,0,1,5.16,0,0,0,0,0,0,0,0,0,0,0,2,0,0,0,0,3.442962963,0,0,0,0,0,0,0,0,0,0,0,0
54,45,9,0,2,194.24,9,5,4,0,0,0,0,0,0,0,4,40,4,3,1,2358.473889,190.7107121,42.76868182,0.454290123,483.5344444,0,0,0,0,0,0,0,0,0
2372,1219,963,190,5,23.48,963,408,555,38.1201,0.88,0,4,3.047368421,4,33,3,109,1033,110,59,37,55695.08222,23.43739184,23.42776408,9.058048517,54238.175,0.135023656,1.5545,0.173684211,53.9283,15,0.0072,19.79900566,0.2776
1694,625,887,182,5,48.15,887,427,460,22.1865,0.86,0,4,3.06043956,4,37,3,109,462,110,59,37,81560.67056,48.07228269,39.35773287,11.87238441,80103.76333,0.110365031,0.7455,0.247252747,53.4579,22,-0.0261,10.13464753,-0.0604
55,23,27,5,2,1058.66,27,11,16,-0.2023,0,0,0,0,2,2,14,16,14,5,4,58226.06222,1039.375466,1011.861265,2.263168403,58205.02611,-0.0289,0,0.6,0,0,0,-0.34662,0.0647,0.5387
17,17,0,0,1,4815.62,0,0,0,0,0,0,0,0,0,0,0,17,0,0,0,0,4548.088318,0,0,0,0,0,0,0,0,0,0,0,0
41,18,17,6,2,3.83,17,10,7,-2.6737,0,0,1,1,1,1,1,11,13,11,4,3,4.2625,3.739920635,0.100747354,0.232198068,2.263611111,-0.53474,0,1,0,5,-0.8968,-2.6737,-0.296
3618,1465,1550,603,5,13.52,1550,629,921,-2.4882,0.86,0.61,4,2.963515755,4,93,4,204,1191,223,54,44,48091.18806,13.52014952,13.28820177,9.001663149,27179.60111,-0.018037591,-3.0536,0.351575456,135.8346,100,0.0504,0.332831834,-0.0833
2532,581,1640,311,5,36.42,1640,568,1072,29.3214,0.86,-0.3,4,3.118971061,4,52,3,149,464,169,70,14,91405.62861,36.40113414,29.50517064,41.62438052,89811.26722,0.266083761,7.9594,0.292604502,88.6211,42,0.0056,11.16625466,-0.091
11,9,2,0,2,13.42,2,1,1,0,0,0,0,0,0,0,1,7,1,0,1,21.40361111,12.305625,1.775810185,0.098194444,0,0,0,0,0,0,0,0,0,0
108,42,56,10,2,755.81,56,26,30,0.3802,0,0,0,0,3,3,13,33,13,2,7,80451.55944,746.3379842,618.8639883,78.48406987,78976.20222,0.042244444,0,0.2,0,0,0,0.635233333,0.0704,-0.1628
10,7,3,0,2,580.99,3,3,0,0,0,0,0,0,0,0,3,6,3,0,3,5422.461111,528.1705051,0.183106061,0.963981481,5420.412778,0,0,0,0,0,0,0,0,0
40,37,3,0,2,1235.63,3,2,1,0,0,0,0,0,0,0,1,34,1,0,1,22909.31444,1205.492005,407.633103,3.913611111,6192.601944,0,0,0,0,0,0,0,0,0
14,13,1,0,2,353.05,1,0,1,0,0,0,0,0,0,0,1,12,1,1,0,0.147777778,329.5171852,0,0.147777778,0,0,0,0,0,0,0,0,0,0
1,1,0,0,1,0,0,0,0,0,0,0,0,0,0,0,0,1,0,0,0,0,0,0,0,0,0,0,0,0,0,0,0,0,0
20,16,0,4,3,440.65,0,0,0,1.3851,0,0,2,1.5,2,2,1,3,15,4,0,0,0,419.6647751,0,0,8779.911111,0.9447,1.3851,0,0,2,0.9447,1.0259,0.7184
1813,1541,199,73,5,29.63,199,75,124,5.7303,0.88,0.42,4,2.917808219,4,16,4,119,1471,124,61,35,50154.38472,29.61742772,27.64653038,485.0166757,47396.34944,0.080011429,-1.345,0.219178082,15.3031,6,0.0702,3.418123514,0.0117
2611,1415,984,212,5,35.48,984,417,567,23.2472,0.88,0.88,4,2.924528302,4,38,4,106,1131,106,71,23,92604.61167,35.46286254,29.7127027,18.18165595,92300.48139,0.043101761,1.6708,0.240566038,46.9545,22,0.0651,7.338687427,0.0776
4,4,0,0,1,1.7,0,0,0,0,0,0,0,0,0,0,0,4,0,0,0,0,1.358222222,0,0,0,0,0,0,0,0,0,0,0,0
412,66,206,140,5,108.82,206,63,143,6.29,0.85,0,4,2.971428571,4,39,4,105,41,131,80,35,44008.54194,108.5539642,67.06051184,6.808712781,36807.10639,0.095472,-2.6543,0.314285714,29.7165,17,0.0559,3.370896825,0.4774
1,1,0,0,1,0,0,0,0,0,0,0,0,0,0,0,0,1,0,0,0,0,0,0,0,0,0,0,0,0,0,0,0,0,0
2,2,0,0,1,201.58,0,0,0,0,0,0,0,0,0,0,0,2,0,0,0,0,134.3860185,0,0,0,0,0,0,0,0,0,0,0,0
3,3,0,0,1,19.27,0,0,0,0,0,0,0,0,0,0,0,3,0,0,0,0,14.45347222,0,0,0,0,0,0,0,0,0,0,0,0
2,2,0,0,1,4.85,0,0,0,0,0,0,0,0,0,0,0,2,0,0,0,0,3.235185185,0,0,0,0,0,0,0,0,0,0,0,0
237,137,50,50,5,308.17,50,32,18,11.5698,0.86,0.51,4,3.08,4,14,3,13,103,13,6,7,71478.34139,306.8728315,300.326543,5.268435458,61266.52861,0.227347059,1.7317,0.2,16.211,6,0.5678,3.231921545,-0.2315
39,38,0,1,2,39.76,0,0,0,0.4329,0,0,0,0,0,1,1,1,37,1,0,0,0,38.76948611,0,0,0.156388889,0.4329,0.4329,0,0,0,0.4329,0.4329,0.4329
5,3,0,2,3,17753.42,0,0,0,0.1137,0,0,0,0,2,2,1,2,2,0,0,0,14794.51889,0,0,42974.24806,0.34,0.1137,0.5,0,0,0,0.05685,0.1137,0.1137
332,136,180,16,3,255.26,180,64,116,-0.8694,0.83,0,5,3.6875,5,5,3,98,115,99,60,32,84746.86861,254.4792259,150.1143752,1.087340456,35214.84139,-0.0414,0.3314,0.375,3.2167,2,-0.6593,-0.297089655,-0.2149
3,3,0,0,1,8881.26,0,0,0,0,0,0,0,0,0,0,0,3,0,0,0,0,6660.944028,0,0,0,0,0,0,0,0,0,0,0,0
1134,307,615,212,5,78.94,615,196,419,11.3276,0.86,0,4,2.966981132,4,40,3,132,246,165,86,27,89517.60611,78.86754161,67.61669408,27.98791938,80067.79194,0.161513115,-6.1384,0.311320755,52.3236,33,-0.0408,3.274112008,-0.0483
6,3,0,3,4,8709.33,0,0,0,-0.7096,0,0,0,0,2,2,1,2,3,0,0,0,7465.137341,0,0,0,0,-0.7096,0.333333333,0,0,0,-0.236533333,-0.7096,-0.7096
85,71,14,0,2,1047.68,14,7,7,0,0,0,0,0,0,0,9,66,9,4,5,83503.86111,1035.49876,744.8613404,3.64281746,19445.77694,0,0,0,0,0,0,0,0,0
8,7,1,0,2,10064.79,1,0,1,0,0,0,0,0,0,0,1,6,1,1,0,80518.35833,8946.477716,0,0.058888889,80518.29944,0,0,0,0,0,0,0,0,0
1,1,0,0,1,0,0,0,0,0,0,0,0,0,0,0,0,1,0,0,0,0,0,0,0,0,0,0,0,0,0,0,0,0,0
25,17,6,2,2,0.71,6,2,4,-0.4559,0,0,1,1,1,1,1,4,14,4,2,0,13.92611111,0.669337607,0.534764957,0.117465278,13.84638889,-0.151966667,0,0.5,0,1,-0.4559,-0.4559,0
44,24,18,2,2,1803.52,18,6,12,-0.6432,0,0,0,0,2,2,6,19,6,5,0,46069.04278,1763.44542,224.0242407,2.604708333,35987.78861,-0.12864,-0.7712,0.5,0,0,0,-0.3216,-0.6432,-0.6432
7,7,0,0,1,8104.19,0,0,0,0,0,0,0,0,0,0,0,7,0,0,0,0,7091.166424,0,0,0,0,0,0,0,0,0,0,0,0
108,47,59,2,2,24.7,59,20,39,0.8809,0,0,1,1,1,1,1,50,44,50,36,13,998.98,24.47294343,6.853868502,5.662272313,710.6525,0.293633333,0.4594,0,0,1,0.8809,0.8809,0.4215
59,36,1,22,5,1364.75,1,1,0,5.8262,0.87,0.34,3,2.409090909,3,6,3,1,31,6,0,0,72886.98778,1342.004065,0,0.006666667,71983.74,0.45146,1.7145,0.090909091,4.1355,4,0.9198,2.140245614,0.8612
1,1,0,0,1,0,0,0,0,0,0,0,0,0,0,0,0,1,0,0,0,0,0,0,0,0,0,0,0,0,0,0,0,0,0
1,1,0,0,1,0,0,0,0,0,0,0,0,0,0,0,0,1,0,0,0,0,0,0,0,0,0,0,0,0,0,0,0,0,0
2,1,1,0,2,0.05,1,0,1,0,0,0,0,0,0,0,1,0,1,1,0,0.107777778,0,0,0.107777778,0,0,0,0,0,0,0,0,0,0
38,27,11,0,2,714.29,11,5,6,0,0,0,0,0,0,0,4,21,4,1,3,27143.005,695.9726638,695.9742877,0.706969697,0,0,0,0,0,0,0,0,0,0
89,49,17,23,5,91.57,17,6,11,-2.0957,0.81,-0.59,4,3.086956522,4,9,3,29,44,32,7,3,8150.123056,90.49031173,90.5568179,0.738666667,0,-0.65986,-1.9677,0.434782609,7.1086,4,-0.2427,-0.726756338,-0.7774
3161,1305,1670,186,5,7.25,1670,642,1028,12.5961,0.9,0,4,3.231182796,4,31,3,92,1142,92,52,39,22516.68389,7.247692125,7.120927946,12.1284736,5107.1575,0.054705521,1.6372,0.220430108,39.0493,16,-0.2473,6.806713676,0.0592
48,37,8,3,2,1361.46,8,4,4,1.0337,0,0,2,1.666666667,2,2,1,10,35,10,3,4,65347.02611,1333.60458,10.24130385,0.135858586,65346.62444,0.51685,0,0,0,1,1.0337,0.76315,0.5411
3164,1711,1123,330,5,18.42,1123,469,654,22.2494,0.85,0.78,4,2.996969697,4,57,3,67,1366,67,35,26,56468.60528,18.41844146,17.84148561,13.47807784,9580.925278,0.059835942,1.8365,0.287878788,77.2053,47,-0.0973,9.761766749,-0.2597
54,34,14,6,3,1352.69,14,6,8,2.2061,0,0,2,1.666666667,2,2,2,13,28,14,8,2,73045.37556,1327.885652,738.6919394,1.181635802,73027.51861,0.290183333,0.8637,0,0,2,1.1417,1.5349,0.743
77,55,7,15,5,1060.86,7,3,4,6.4936,0.91,0.46,2,1.666666667,2,4,1,3,50,5,2,0,81682.70944,1047.258661,622.2085256,0.444702381,33149.55889,0.35798,4.0338,0.066666667,3.2257,8,1.25,4.530385366,0.836
4742,3130,919,693,5,2.32,919,293,626,-44.5398,0.87,0.4,4,3.025974026,4,93,3,294,2912,606,212,86,10968.78056,2.319641928,2.266914283,8.851040906,9736.233611,-0.146117431,1.2655,0.380952381,195.2886,103,-0.1984,-7.98663274,-0.1141
2,2,0,0,1,1107.75,0,0,0,0,0,0,0,0,0,0,0,2,0,0,0,0,738.500463,0,0,0,0,0,0,0,0,0,0,0,0
14,13,1,0,2,1.54,1,1,0,0,0,0,0,0,0,0,1,12,1,0,1,0.018888889,1.434074074,0,0.018888889,0,0,0,0,0,0,0,0,0,0
3403,1030,1906,467,5,21.81,1906,913,993,21.9613,0.89,0,4,3.199143469,4,68,3,112,783,142,47,56,73935.84167,21.80299892,21.72025542,5.543979809,46699.92889,0.0419417,-1.6733,0.246252677,79.5715,60,0.2931,9.701497767,0.4632
5705,2105,2568,1032,5,3.35,2568,1002,1566,79.809,0.87,0,4,2.963178295,4,120,4,129,1636,134,64,33,19121.64472,3.321677717,3.351143582,20.86579038,230.8561111,0.111278678,0.9062,0.264534884,233.4693,130,-0.0104,34.85944189,0.0158
1596,904,597,95,5,62.48,597,247,350,-9.2577,0.9,-0.73,4,2.652631579,4,18,3,99,791,99,52,35,99398.04139,62.44532022,46.45087386,13.31070621,90572.91417,-0.052655752,-1.4161,0.368421053,19.6698,10,-0.6841,-2.989601227,-0.6903
9,8,1,0,2,7062.9,1,0,1,0,0,0,0,0,0,0,1,7,1,1,0,58660.58694,6356.613389,0,1.561388889,58659.02556,0,0,0,0,0,0,0,0,0
5,4,1,0,2,15805.53,1,1,0,0,0,0,0,0,0,0,1,3,1,0,1,69493.25417,13171.27458,0,1.909166667,69491.345,0,0,0,0,0,0,0,0,0
6,6,0,0,1,0.37,0,0,0,0,0,0,0,0,0,0,0,6,0,0,0,0,0.313769841,0,0,0,0,0,0,0,0,0,0,0,0
4,4,0,0,1,45.55,0,0,0,0,0,0,0,0,0,0,0,4,0,0,0,0,36.4365,0,0,0,0,0,0,0,0,0,0,0,0
5580,2239,2385,956,5,4.25,2385,813,1572,29.5,0.87,-0.77,4,2.934100418,4,102,3,263,1853,385,133,59,23586.66778,4.250127018,4.220974985,18.80335165,18713.24778,0.067664249,0.2734,0.305439331,214.3461,154,-0.05,14.34364439,0.1335
3723,2018,1240,465,5,8.42,1240,445,795,-2.1347,0.85,0.49,4,2.984946237,4,73,3,135,1690,156,72,22,31112.79694,8.413996897,8.354656955,19.03329282,26707.58944,0.001795427,0.9506,0.36344086,123.3946,89,-0.0377,-0.266420374,-0.1168
273,65,179,29,5,178.66,179,71,108,1.8417,0.86,0.46,4,2.931034483,4,10,3,51,44,51,37,14,46677.51472,178.0071938,134.4149949,15.58806428,44583.63139,0.030157143,0.7346,0.344827586,6.7833,4,-0.0113,0.200250505,-0.0113
19,13,6,0,2,4150.24,6,3,3,0,0,0,0,0,0,0,3,11,3,2,1,78854.47056,3942.568431,1538.132667,5.969768519,48091.79028,0,0,0,0,0,0,0,0,0
19,15,2,2,2,2.96,2,1,1,-0.1531,0,0,1,1,1,1,1,3,13,3,1,0,20.9875,2.810430556,0.018333333,0.128541667,20.54722222,-0.07655,-0.1531,0.5,0,1,-0.1531,-0.1531,0
11,7,2,2,2,3.03,2,1,1,-0.1531,0,0,1,1,1,1,1,3,5,3,1,0,20.9875,2.780648148,0.030555556,0.128541667,20.54722222,-0.07655,-0.1531,0.5,0,1,-0.1531,-0.1531,-0.1531
160,155,1,4,5,541.95,1,0,1,1.3607,0,0,0,0,2,2,1,153,1,1,0,28679.18278,538.5875431,0,0.084444444,28679.09833,0.426,1.3607,0.25,0,0,0,0.68035,0.5087,0.852
958,541,373,44,3,90.91,373,132,241,-2.1174,0.9,0,4,3.25,4,13,3,112,480,113,61,27,86730.16278,90.81889961,53.85337186,7.067415518,70221.38861,-0.037029508,0.9537,0.272727273,8.3672,3,0.269,-0.201088889,-0.0223
701,444,221,36,2,122.35,221,78,143,10.3948,0.9,0.38,4,3,4,6,3,109,413,109,72,20,84994.01528,122.1712476,107.7641667,10.32954388,78181.97056,0.335316129,0,0.055555556,10.8159,1,0.0706,6.313646067,-0.093
252,216,33,3,3,175.52,33,16,17,0.8377,0,0,0,0,2,2,8,200,8,3,5,44232.06861,153.3913735,145.0116535,747.1881481,19670.63972,0.01255,1.2195,0.333333333,0,0,0,0.685733333,0.2008,0.2551
788,254,466,68,5,112.84,466,134,332,4.0815,0.83,0.51,4,3.176470588,4,20,3,86,204,86,57,24,88545.46111,112.7000444,97.68524468,20.88693447,70141.045,0.047774,1.816,0.338235294,18.656,11,0.073,0.786844,0.3008
57,13,36,8,3,1.72,36,8,28,1.2326,0,0,3,2.5,3,3,2,43,12,44,28,8,26.33,1.68545977,0.453874521,1.33897096,0,0.6638,1.2326,0.375,0,2,0.6845,0.6087,0.2728
1306,581,607,118,5,68.17,607,230,377,-3.2258,0.85,0.32,4,2.983050847,4,29,2,103,482,105,77,17,88550.68389,68.11323769,55.52788383,14.47173621,77904.31722,-0.019408081,-0.6318,0.338983051,28.6412,17,-0.3204,0.134192159,0.2126
606,474,120,12,4,145.06,120,57,63,0.8278,0.9,0.13,0,0,4,3,13,421,13,8,5,87906.90111,144.8218785,115.9580528,38.5438006,56755.66972,0.010245283,-0.2929,0.25,0,0,0,0.61178,0.2494,0.0148
53,38,4,11,5,651.13,4,1,3,-1.5898,0.72,0.66,4,3.454545455,4,7,3,4,33,4,1,0,13796.36417,639.0690535,255.4878395,0.444107143,11473.77972,-0.35946,-1.9913,0.545454545,5.3367,2,-0.0316,-0.6845125,-0.0172
186,108,54,24,3,3.04,54,16,38,-6.7346,0.87,-0.61,4,3,4,7,3,16,91,16,6,7,99.37111111,3.022865419,0.53129085,1.623464506,0.268333333,-0.319247059,-0.8611,0.791666667,6.3942,1,-0.1639,-3.895323611,-0.0046
2,2,0,0,1,0.04,0,0,0,0,0,0,0,0,0,0,0,2,0,0,0,0,0.025277778,0,0,0,0,0,0,0,0,0,0,0,0
315,82,155,78,5,267.14,155,69,86,-1.1084,0.85,-0.51,4,2.782051282,4,18,3,92,63,108,57,29,82944.70083,266.2908087,100.5233518,29.63539454,77109.9025,-0.246415789,-0.418,0.358974359,18.3335,13,-0.4036,0.042426068,0.036
3036,800,1727,509,5,27.84,1727,737,990,5.993,0.88,0.53,4,2.842829077,4,65,3,168,627,183,59,49,84496.84417,27.83388962,25.39741768,13.79170883,84140.05056,0.047598266,-0.286,0.288801572,104.9294,71,0.0355,8.401452113,-0.6781
42,24,15,3,2,2088.17,15,7,8,-0.8934,0,0,0,0,2,2,6,17,6,3,3,47305.26667,2039.610233,682.4967119,3.610310458,33075.75722,-0.127628571,0,0.666666667,0,0,0,-0.708933333,-0.3086,-0.2448
6,6,0,0,1,14920.29,0,0,0,0,0,0,0,0,0,0,0,6,0,0,0,0,12788.82187,0,0,0,0,0,0,0,0,0,0,0,0
26,12,7,7,2,1.88,7,4,3,-2.0811,0,0,0,0,4,3,7,9,7,2,3,13.87722222,1.810967078,0.513436214,2.717932099,0,-0.6937,0.3289,0.571428571,0,0,0,-1.29282,-0.5654,-0.2694
1,1,0,0,1,0,0,0,0,0,0,0,0,0,0,0,0,1,0,0,0,0,0,0,0,0,0,0,0,0,0,0,0,0,0
5465,1825,2552,1088,5,10.46,2552,981,1571,34.94,0.86,-0.66,4,2.963235294,4,126,3,238,1356,274,78,24,56970.575,10.42425377,10.34739125,608.1204895,13754.52361,0.006518337,1.1584,0.320772059,252.4405,174,0.018,11.60654085,0.1442
128,121,7,0,2,638.67,7,4,3,0,0,0,0,0,0,0,2,116,2,0,2,80341.94917,633.7145844,303.6273859,0.059047619,48181.87083,0,0,0,0,0,0,0,0,0
8,8,0,0,1,3207.59,0,0,0,0,0,0,0,0,0,0,0,8,0,0,0,0,2851.190864,0,0,0,0,0,0,0,0,0,0,0,0
11,9,2,0,2,2366.42,2,2,0,0,0,0,0,0,0,0,2,8,2,0,2,953.4858333,2169.222245,0.001898148,0.023611111,953.4508333,0,0,0,0,0,0,0,0,0
8,8,0,0,1,3207.59,0,0,0,0,0,0,0,0,0,0,0,8,0,0,0,0,2851.190864,0,0,0,0,0,0,0,0,0,0,0,0
959,563,368,28,5,74.69,368,175,193,7.324,0.84,0.61,0,0,5,3,36,418,36,16,19,71629.30833,74.59884288,74.59149711,41.35284776,40866.9625,0.035550345,0.6554,0.071428571,0,0,0,5.155003704,0.2471,-0.1286
151,67,81,3,3,104.52,81,38,43,-0.0708,0,0,0,0,2,2,32,50,33,14,17,15782.07444,0.549804459,103.8293512,192.490711,0,-0.004164706,0.3696,0.666666667,0,0,0,-0.237833333,0.1315,0.3696
2082,1072,765,245,5,27.06,765,315,450,-41.1182,0.84,-0.88,4,3.195918367,4,50,3,79,878,102,31,19,56177.9575,27.04605697,26.96889209,20.60817444,13396.56194,-0.180212371,-1.5183,0.530612245,77.2424,40,-0.0759,-18.91787723,0.191
233,30,145,58,4,100.96,145,45,100,7.9425,0.86,0.03,4,2.862068966,4,15,4,118,17,122,53,23,22504.21111,100.5289874,73.14195632,4.336525725,18616.26306,0.536038462,1.4797,0.189655172,10.0899,4,0.0982,4.128837459,-0.108
2,2,0,0,1,285.85,0,0,0,0,0,0,0,0,0,0,0,2,0,0,0,0,190.5696296,0,0,0,0,0,0,0,0,0,0,0,0
4,4,0,0,1,5.53,0,0,0,0,0,0,0,0,0,0,0,4,0,0,0,0,4.424833333,0,0,0,0,0,0,0,0,0,0,0,0
8,7,1,0,2,13.14,1,0,1,0,0,0,0,0,0,0,1,6,1,1,0,0.208611111,11.68157407,0,0.208611111,0,0,0,0,0,0,0,0,0,0
3051,1016,1473,562,5,7.03,1473,488,985,10.4537,0.84,0.46,4,3.115658363,4,107,3,253,784,376,103,44,21445.67806,7.025289792,7.016976118,20.44920413,16827.16111,0.027257759,2.1303,0.362989324,148.4853,103,0.0035,11.1458897,-0.6523
3,3,0,0,1,8.99,0,0,0,0,0,0,0,0,0,0,0,3,0,0,0,0,6.740833333,0,0,0,0,0,0,0,0,0,0,0,0
1931,1544,364,23,5,31.85,364,173,191,6.4846,0.82,-0.48,4,3.086956522,4,6,3,40,1323,40,29,10,59951.55889,31.83606424,31.00658198,4.077866606,49288.85056,0.014614932,1.2173,0.086956522,4.4774,1,0.3359,3.872998214,0.1623
10,10,0,0,1,1.26,0,0,0,0,0,0,0,0,0,0,0,10,0,0,0,0,1.145580808,0,0,0,0,0,0,0,0,0,0,0,0
5,5,0,0,1,5.04,0,0,0,0,0,0,0,0,0,0,0,5,0,0,0,0,4.201944444,0,0,0,0,0,0,0,0,0,0,0,0
79,50,19,10,3,965.46,19,8,11,-0.8191,0,0,4,3.1,4,4,2,4,37,5,1,1,70172.22639,953.3884861,877.1348472,3.593737374,27703.93639,-0.032107692,0.1969,0.6,0,2,0.0208,-0.461135294,-0.0251
313,136,158,19,3,73.61,158,56,102,2.2296,0.87,0,4,2.631578947,4,5,2,47,108,48,26,17,14541.06361,73.37370754,35.88074133,2.899115873,3285.5925,0.062035714,0.4404,0.105263158,3.2172,1,0.0455,1.454375,0.0471
39,4,10,25,3,1095.39,10,4,6,-1.4321,0.89,-0.23,4,2.76,4,7,2,28,1,31,4,3,42714.76778,1067.868736,42.11111806,1.085753968,42707.16889,-0.667933333,-1.4321,0.32,5.2117,2,-0.1409,0.096251563,0.0754
18,18,0,0,1,224.3,0,0,0,0,0,0,0,0,0,0,0,18,0,0,0,0,212.494269,0,0,0,0,0,0,0,0,0,0,0,0
6,6,0,0,1,1.82,0,0,0,0,0,0,0,0,0,0,0,6,0,0,0,0,1.56281746,0,0,0,0,0,0,0,0,0,0,0,0
3186,969,1067,1150,9,0.02,1067,396,671,-50.5385,0.85,-0.63,4,3.045217391,4,147,3,207,641,445,94,38,70.06111111,0.007408395,0.021965624,6.512706078,6.368888889,-0.045887195,-34.4261,0.393043478,275.436,168,0.021,-14.76259092,0.1193
105,104,1,0,2,570.6,1,1,0,0,0,0,0,0,0,0,1,103,1,0,1,54027.40556,565.2149895,0,0.021944444,54027.38361,0,0,0,0,0,0,0,0,0
57,46,11,0,2,3.75,11,0,11,0,0,0,0,0,0,0,6,42,6,6,0,15.11333333,3.685555556,0.25480364,2.010782828,0.486111111,0,0,0,0,0,0,0,0,0
75,55,12,8,4,20.23,12,6,6,1.5061,0,0,2,1.5,2,2,1,7,51,7,4,3,2.337777778,19.96739401,0.030657895,0.257938596,0.149444444,0.102625,1.2636,0.125,0,4,0.4477,1.0785,0.2481
5,5,0,0,1,5871.07,0,0,0,0,0,0,0,0,0,0,0,5,0,0,0,0,4892.557083,0,0,0,0,0,0,0,0,0,0,0,0
154,146,8,0,2,591.42,8,2,6,0,0,0,0,0,0,0,3,141,3,2,1,81445.5075,587.6054695,401.8421111,0.737638889,47375.66972,0,0,0,0,0,0,0,0,0
491,285,185,21,2,170.87,185,103,82,1.5668,0.85,0.22,4,3.19047619,4,4,3,35,260,35,10,23,80816.87306,170.5229121,152.1733311,5.719323085,73703.82472,0.062672,0,0.238095238,5.2478,2,-0.4162,1.322396875,-0.0354
658,151,437,70,4,122.83,437,156,281,-8.9368,0.88,0.49,4,2.985714286,4,15,2,96,115,99,43,44,79619.44583,122.6426846,84.38128857,11.65313609,73748.32167,-0.1821,-1.3446,0.428571429,21.5976,6,0.0097,-5.0015,-0.1405
438,173,130,135,5,62.06,130,62,68,-6.3383,0.84,0,4,3.007407407,4,29,3,188,162,216,45,42,21899.5125,61.92250506,49.58147241,10.77522689,15827.03167,-0.360181818,-5.2325,0.4,38.8837,25,-0.136,-2.91489502,-0.7501
9,8,0,1,2,9741.16,0,0,0,0.4588,0,0,0,0,0,1,1,1,7,1,0,0,0,8767.038833,0,0,87670.38833,0.4588,0.4588,0,0,0,0.4588,0.4588,0.4588
69,69,0,0,1,1036.67,0,0,0,0,0,0,0,0,0,0,0,69,0,0,0,0,1021.857532,0,0,0,0,0,0,0,0,0,0,0,0
